time,E_instanceElectricity,instanceElectricityIN,add
01/31/2022 09:00,573.9680152,1443.04856488794,-869.080549687943
01/31/2022 10:00,580.6629265,1935.73760687552,-1355.07468037552
01/31/2022 11:00,410.0692225,2146.39045144384,-1736.32122894384
01/31/2022 12:00,542.0188025,2097.00693684308,-1554.98813434308
01/31/2022 13:00,436.3112153,1935.51839631187,-1499.20718101187
01/31/2022 14:00,80.32870236,1517.27332643875,-1436.94462407875
01/31/2022 15:00,70.98080433,1023.43350662836,-952.452702298358
01/31/2022 16:00,504.0598254,373.213130869872,130.846694530128
01/31/2022 17:00,1224.913783,-22.5911565882915,1247.50493958829
01/31/2022 18:00,786.6325568,0.915388737084688,785.717168062915
01/31/2022 19:00,327.3255308,-9.48108911930029,336.8066199193
01/31/2022 20:00,538.0521015,-2.19198632791704,540.244087827917
01/31/2022 21:00,387.7419369,-5.43242405678921,393.174360956789
01/31/2022 22:00,893.1987349,-1.52790021293305,894.726635112933
01/31/2022 23:00,587.8611116,2.55501299418548,585.306098605814
02/01/2022 00:00,-119.5604721,-7.29127498043649,-112.269197119564
02/01/2022 01:00,113.0817236,12.7615825364036,100.320141063596
02/01/2022 02:00,8.890995216,-16.8619308744693,25.7529260904693
02/01/2022 03:00,40.95794479,17.7361892086789,23.2217555813211
02/01/2022 04:00,49.51826885,-19.2776696616494,68.7959385116494
02/01/2022 05:00,8.651989991,5.0177168346855,3.6342731563145
02/01/2022 06:00,62.54260665,7.20860199711106,55.3340046528889
02/01/2022 07:00,2.700863934,1.93200809644725,0.768855837552753
02/01/2022 08:00,392.1964327,98.7360738307855,293.460358869214
02/01/2022 09:00,364.7257353,36.8877527785876,327.837982521412
02/01/2022 10:00,-27.85270786,697.010300370573,-724.863008230573
02/01/2022 11:00,145.496437,1185.68418959281,-1040.18775259281
02/01/2022 12:00,361.4276494,1085.22371912985,-723.796069729845
02/01/2022 13:00,171.3932625,1323.95286088162,-1152.55959838162
02/01/2022 14:00,-56.9454685,929.565228274524,-986.510696774524
02/01/2022 15:00,327.9104506,459.010384341191,-131.099933741191
02/01/2022 16:00,525.5812606,198.330750705588,327.250509894412
02/01/2022 17:00,402.4897558,-54.0337847254442,456.523540525444
02/01/2022 18:00,766.0150806,23.4860327722503,742.52904782775
02/01/2022 19:00,485.9427478,-12.3519444542852,498.294692254285
02/01/2022 20:00,484.7033781,-7.09619647054103,491.799574570541
02/01/2022 21:00,1053.138243,9.30198048761548,1043.83626251238
02/01/2022 22:00,486.5738637,-14.4014388988752,500.975302598875
02/01/2022 23:00,56.01061574,11.8017573817563,44.2088583582437
02/02/2022 00:00,93.18065892,-6.47126196305344,99.6519208830534
02/02/2022 01:00,-10.16475445,-1.39312891730258,-8.77162553269742
02/02/2022 02:00,67.04332527,2.8704578522763,64.1728674177237
02/02/2022 03:00,32.63089855,-10.3355520380328,42.9664505880328
02/02/2022 04:00,15.32633514,1.18060489342831,14.1457302465717
02/02/2022 05:00,75.53782461,0.846794204771444,74.6910304052286
02/02/2022 06:00,-36.89867169,-26.4036526099443,-10.4950190800557
02/02/2022 07:00,204.9541248,276.788455182129,-71.8343303821291
02/02/2022 08:00,370.6465778,737.581380464637,-366.934802664637
02/02/2022 09:00,23.45489951,954.164638256222,-930.709738746222
02/02/2022 10:00,29.30125757,1172.18774940734,-1142.88649183734
02/02/2022 11:00,70.59962777,1236.65961124478,-1166.05998347478
02/02/2022 12:00,43.94703076,982.749909849094,-938.802879089094
02/02/2022 13:00,42.03845359,817.386074541846,-775.347620951846
02/02/2022 14:00,1.590764121,684.168897739884,-682.578133618884
02/02/2022 15:00,93.31556567,380.325977932637,-287.010412262637
02/02/2022 16:00,-73.80684384,128.002033789579,-201.808877629579
02/02/2022 17:00,327.3934058,-0.22860022097185,327.622006020972
02/02/2022 18:00,826.7563685,-10.5076399891625,837.264008489163
02/02/2022 19:00,592.0864197,4.7535716216624,587.332848078338
02/02/2022 20:00,489.3055709,-7.48592538262527,496.791496282625
02/02/2022 21:00,489.1452421,1.62822373575701,487.517018364243
02/02/2022 22:00,409.89838,-1.28188978612729,411.180269786127
02/02/2022 23:00,452.7465235,-1.78006595510785,454.526589455108
02/03/2022 00:00,755.5924141,3.96695556238079,751.625458537619
02/03/2022 01:00,397.6851471,-4.71480097250941,402.399948072509
02/03/2022 02:00,-87.4772025,-0.701381538171219,-86.7758209618288
02/03/2022 03:00,99.49748607,-4.24267841533662,103.740164485337
02/03/2022 04:00,11.53521123,-10.810551511442,22.345762741442
02/03/2022 05:00,24.05620131,4.03998753491747,20.0162137750825
02/03/2022 06:00,66.60289593,-24.5044278754054,91.1073238054054
02/03/2022 07:00,-34.75044631,97.0310661364717,-131.781512446472
02/03/2022 08:00,371.4772369,676.159965977383,-304.682729077383
02/03/2022 09:00,629.8349284,1503.29900328355,-873.464074883553
02/03/2022 10:00,539.0269395,1980.56945529328,-1441.54251579328
02/03/2022 11:00,630.6827605,2142.51154381864,-1511.82878331864
02/03/2022 12:00,626.6736037,2172.14301944652,-1545.46941574652
02/03/2022 13:00,404.3694252,1697.30070547734,-1292.93128027734
02/03/2022 14:00,389.5493602,1015.32928972691,-625.779929526908
02/03/2022 15:00,456.2741216,481.926548560501,-25.6524269605013
02/03/2022 16:00,396.9782024,100.76297873265,296.21522366735
02/03/2022 17:00,397.9244761,-8.62638052277572,406.550856622776
02/03/2022 18:00,115.1689132,-6.54611358571258,121.715026785713
02/03/2022 19:00,254.1047849,-4.80450331301618,258.909288213016
02/03/2022 20:00,478.4511101,-4.3997865666319,482.850896666632
02/03/2022 21:00,275.1827172,-1.87599013884348,277.058707338843
02/03/2022 22:00,845.8072152,0.418219393468994,845.388995806531
02/03/2022 23:00,643.9600492,-2.25764945834817,646.217698658348
02/04/2022 00:00,-74.38992961,4.41090530724753,-78.8008349172475
02/04/2022 01:00,75.60903016,-7.30818094458249,82.9172111045825
02/04/2022 02:00,39.45613291,3.22220994985008,36.2339229601499
02/04/2022 03:00,21.94106558,-10.3830324870879,32.3240980670879
02/04/2022 04:00,50.93244146,-0.950775550348323,51.8832170103483
02/04/2022 05:00,21.84554354,-6.1864153610384,28.0319589010384
02/04/2022 06:00,25.61390981,-10.8025818826161,36.4164916926161
02/04/2022 07:00,59.57838366,255.424029439039,-195.845645779039
02/04/2022 08:00,306.4247752,817.769864641598,-511.345089441598
02/04/2022 09:00,639.908793,1495.24755432224,-855.338761322245
02/04/2022 10:00,576.9785865,1711.04890171757,-1134.07031521757
02/04/2022 11:00,477.3100043,1794.49360945063,-1317.18360515063
02/04/2022 12:00,821.0430743,1926.82790427384,-1105.78482997384
02/04/2022 13:00,527.836464,1379.01802651837,-851.181562518371
02/04/2022 14:00,280.5415775,1142.54321300932,-862.001635509319
02/04/2022 15:00,437.2008178,990.7578782722,-553.5570604722
02/04/2022 16:00,320.9116534,181.6986699902,139.2129834098
02/04/2022 17:00,208.4840693,-39.4122736335412,247.896342933541
02/04/2022 18:00,92.59672918,28.0058471021903,64.5908820778097
02/04/2022 19:00,478.5741022,-35.2944766241423,513.868578824142
02/04/2022 20:00,712.6525912,21.767593454777,690.884997745223
02/04/2022 21:00,276.9838467,-20.7056940815018,297.689540781502
02/04/2022 22:00,492.7219608,7.26439612761574,485.457564672384
02/04/2022 23:00,990.3187354,1.03738350847796,989.281351891522
02/05/2022 00:00,369.0376519,-10.7082065517848,379.745858451785
02/05/2022 01:00,-79.83298711,18.8610942068381,-98.6940813168381
02/05/2022 02:00,105.5421793,-24.3502707806233,129.892450080623
02/05/2022 03:00,13.13518108,21.3039892721495,-8.16880819214953
02/05/2022 04:00,36.33396479,-21.8225412075114,58.1565059975114
02/05/2022 05:00,51.3582294,-0.310563189217321,51.6687925892173
02/05/2022 06:00,8.267162589,1.88209286302185,6.38506972597815
02/05/2022 07:00,61.16694604,25.4410694430775,35.7258765969225
02/05/2022 08:00,15.68780596,319.606855723332,-303.919049763332
02/05/2022 09:00,47.65028509,376.731740068909,-329.081454978909
02/05/2022 10:00,28.14992757,1151.40015537248,-1123.25022780248
02/05/2022 11:00,113.1664,2053.6868026241,-1940.5204026241
02/05/2022 12:00,519.2715365,2025.62014099817,-1506.34860449817
02/05/2022 13:00,479.3923397,1772.37825414181,-1292.98591444181
02/05/2022 14:00,192.1265873,781.094413378158,-588.967826078158
02/05/2022 15:00,6.882349379,161.281631647805,-154.399282268805
02/05/2022 16:00,31.50299391,128.971352215124,-97.4683583051244
02/05/2022 17:00,340.1309291,-56.4384504014846,396.569379501485
02/05/2022 18:00,340.4334881,17.8438764575334,322.589611642467
02/05/2022 19:00,603.2299775,-10.4563923606786,613.686369860679
02/05/2022 20:00,442.3031294,-10.5753728827484,452.878502282748
02/05/2022 21:00,359.8382014,10.8288613257838,349.009340074216
02/05/2022 22:00,1002.932748,-11.5908529679579,1014.52360096796
02/05/2022 23:00,352.3565164,8.46271943266223,343.893796967338
02/06/2022 00:00,-96.90040314,-4.59665478216485,-92.3037483578351
02/06/2022 01:00,129.4367826,1.94568420846587,127.491098391534
02/06/2022 02:00,-21.94239373,-4.64061836738639,-17.3017753626136
02/06/2022 03:00,73.51979646,3.71271065760394,69.807085802396
02/06/2022 04:00,22.98593014,-15.4845689122458,38.4704990522458
02/06/2022 05:00,27.73466425,18.0145130420271,9.72015120797286
02/06/2022 06:00,48.97186611,-37.6803041715289,86.6521702815289
02/06/2022 07:00,6.604256549,107.84672533973,-101.24246879073
02/06/2022 08:00,70.94221438,415.297437539529,-344.355223159529
02/06/2022 09:00,-17.19216498,717.024600169378,-734.216765149378
02/06/2022 10:00,196.1543922,1186.24081545137,-990.086423251375
02/06/2022 11:00,500.4797624,997.698410921712,-497.218648521712
02/06/2022 12:00,583.4879582,1117.74525636874,-534.257298168745
02/06/2022 13:00,560.4321662,1489.97872268035,-929.546556480346
02/06/2022 14:00,457.3347863,800.391022559409,-343.056236259409
02/06/2022 15:00,484.5161737,359.573464262866,124.942709437134
02/06/2022 16:00,391.3382697,171.908517453753,219.429752246247
02/06/2022 17:00,578.774384,-40.6990080671624,619.473392067163
02/06/2022 18:00,929.5105854,21.4101190112594,908.100466388741
02/06/2022 19:00,334.5610044,-15.6641152928507,350.225119692851
02/06/2022 20:00,239.177725,-0.616934932272482,239.794659932272
02/06/2022 21:00,1078.686169,1.09740569683845,1077.58876330316
02/06/2022 22:00,593.3573129,-5.63420024744208,598.991513147442
02/06/2022 23:00,-70.35586811,5.05728715603022,-75.4131552660302
02/07/2022 00:00,98.8828607,-2.30532411689126,101.188184816891
02/07/2022 01:00,12.48476509,-3.44873991919196,15.933505009192
02/07/2022 02:00,32.36569259,0.338374622926121,32.0273179670739
02/07/2022 03:00,56.33348101,-4.55883638739903,60.892317397399
02/07/2022 04:00,-1.428885773,-6.44124654095089,5.01236076795089
02/07/2022 05:00,71.02291292,12.9204100853676,58.1025028346324
02/07/2022 06:00,-3.461915639,-34.8327497198316,31.3708340808316
02/07/2022 07:00,85.49907036,379.5492585353,-294.0501881753
02/07/2022 08:00,480.5702721,965.918080576812,-485.347808476812
02/07/2022 09:00,598.797095,1056.27466201106,-457.477567011056
02/07/2022 10:00,461.9416873,923.773699122336,-461.832011822336
02/07/2022 11:00,560.6820357,782.617114538882,-221.935078838882
02/07/2022 12:00,614.1423325,915.871297044044,-301.728964544045
02/07/2022 13:00,450.2753039,937.866680112379,-487.591376212379
02/07/2022 14:00,461.3712915,602.032767708447,-140.661476208447
02/07/2022 15:00,413.0980984,301.041120423548,112.056977976452
02/07/2022 16:00,357.4591614,59.8203869257486,297.638774474251
02/07/2022 17:00,371.0602885,-11.5318725907434,382.592161090743
02/07/2022 18:00,511.3887827,2.07578323828827,509.312999461712
02/07/2022 19:00,709.4415863,-6.21254876371919,715.654135063719
02/07/2022 20:00,313.1094702,2.12560885733615,310.983861342664
02/07/2022 21:00,605.94866,-7.2677944239956,613.216454423996
02/07/2022 22:00,940.8452648,7.16929073754018,933.67597406246
02/07/2022 23:00,122.7351856,-8.17284360940294,130.908029209403
02/08/2022 00:00,-24.33704342,8.436701892601,-32.773745312601
02/08/2022 01:00,100.5463711,-7.74571114090071,108.292082240901
02/08/2022 02:00,-16.31202303,-2.5940915067061,-13.7179315232939
02/08/2022 03:00,72.17318032,6.07934149359763,66.0938388264024
02/08/2022 04:00,17.36430834,-25.9134935745953,43.2778019145953
02/08/2022 05:00,23.32345467,40.2361102547705,-16.9126555847705
02/08/2022 06:00,69.47641403,-73.9412098669837,143.417623896984
02/08/2022 07:00,-41.42955372,238.290435315612,-279.719989035612
02/08/2022 08:00,284.6516555,915.70284470464,-631.05118920464
02/08/2022 09:00,740.9667465,1108.06340200401,-367.096655504014
02/08/2022 10:00,529.2687755,1078.9760018488,-549.7072263488
02/08/2022 11:00,511.6980425,829.325481986819,-317.627439486819
02/08/2022 12:00,552.3881712,647.576646931487,-95.1884757314867
02/08/2022 13:00,400.5714255,686.008083678436,-285.436658178436
02/08/2022 14:00,492.3955467,691.602252760042,-199.206706060042
02/08/2022 15:00,274.1212461,494.707085137011,-220.585839037011
02/08/2022 16:00,315.707759,99.2166079712501,216.49115102875
02/08/2022 17:00,254.2546359,-11.8799428773959,266.134578777396
02/08/2022 18:00,45.83908313,7.52688300161385,38.3122001283861
02/08/2022 19:00,511.2671965,-11.1595692961219,522.426765796122
02/08/2022 20:00,466.1359519,6.63873885520526,459.497213044795
02/08/2022 21:00,749.390057,-9.13630813599423,758.526365135994
02/08/2022 22:00,840.8092958,5.40296290118573,835.406332898814
02/08/2022 23:00,17.33132744,-4.9954563491311,22.3267837891311
02/09/2022 00:00,35.33034422,4.14329416498514,31.1870500550149
02/09/2022 01:00,77.39378233,-4.34766853814152,81.7414508681415
02/09/2022 02:00,-11.10771891,-3.75185922548053,-7.35585968451947
02/09/2022 03:00,84.59212472,-0.839097392741631,85.4312221127416
02/09/2022 04:00,-1.738923272,-14.834898043467,13.095974771467
02/09/2022 05:00,50.27911015,8.95265922734986,41.3264509226501
02/09/2022 06:00,41.01372705,-24.0352742613794,65.0490013113794
02/09/2022 07:00,-2.962833749,370.732803561189,-373.695637310189
02/09/2022 08:00,284.4597757,998.800478080598,-714.340702380598
02/09/2022 09:00,526.6994113,1509.52946843985,-982.83005713985
02/09/2022 10:00,473.6809307,2005.33833937212,-1531.65740867212
02/09/2022 11:00,544.6720311,2050.12180096701,-1505.44976986701
02/09/2022 12:00,486.3073075,2127.22373056291,-1640.91642306291
02/09/2022 13:00,294.4761076,2066.71538025188,-1772.23927265188
02/09/2022 14:00,319.8908588,1557.70745581415,-1237.81659701415
02/09/2022 15:00,293.419103,1076.72510100625,-783.305998006255
02/09/2022 16:00,306.1662071,338.38771615947,-32.22150905947
02/09/2022 17:00,457.0133548,-55.3971419902118,512.410496790212
02/09/2022 18:00,542.8212835,23.045328268674,519.775955231326
02/09/2022 19:00,587.6768705,-23.5730298674229,611.249900367423
02/09/2022 20:00,295.7966847,3.11113725349786,292.685547446502
02/09/2022 21:00,384.1285408,-3.53892529509058,387.667466095091
02/09/2022 22:00,987.7898981,-9.19637224704566,996.986270347046
02/09/2022 23:00,436.3851671,12.547180579655,423.837986520345
02/10/2022 00:00,-60.86806866,-15.3051141347885,-45.5629545252115
02/10/2022 01:00,92.86427751,16.2813127023056,76.5829648076944
02/10/2022 02:00,11.11841076,-16.1997611127553,27.3181718727553
02/10/2022 03:00,64.63603021,4.5039000731825,60.1321301368175
02/10/2022 04:00,7.544712428,1.25257769729867,6.29213473070133
02/10/2022 05:00,68.927269,-23.2533767037954,92.1806457037954
02/10/2022 06:00,-22.32599482,37.2876392177843,-59.6136340377843
02/10/2022 07:00,166.1239337,-18.8228437157926,184.946777415793
02/10/2022 08:00,338.9255,380.208804545894,-41.2833045458936
02/10/2022 09:00,-61.02344681,974.950249584653,-1035.97369639465
02/10/2022 10:00,303.6960821,1060.22207770854,-756.525995608541
02/10/2022 11:00,616.889172,1038.97386598212,-422.084693982119
02/10/2022 12:00,906.3146534,1196.93206140766,-290.617408007658
02/10/2022 13:00,935.0602925,1185.23206112806,-250.171768628062
02/10/2022 14:00,425.9283094,787.510465415208,-361.582156015208
02/10/2022 15:00,499.4285858,576.885337287751,-77.4567514877512
02/10/2022 16:00,446.0571194,250.69947348836,195.35764591164
02/10/2022 17:00,374.7205222,-58.776426301196,433.496948501196
02/10/2022 18:00,473.2355342,17.8057899545832,455.429744245417
02/10/2022 19:00,736.1356641,-5.34530291063961,741.48096701064
02/10/2022 20:00,473.1943897,-9.17042794394647,482.364817643946
02/10/2022 21:00,536.5337797,4.21693189062183,532.316847809378
02/10/2022 22:00,1283.237897,-1.61221594780673,1284.85011294781
02/10/2022 23:00,476.0282953,-6.49730129295993,482.52559659296
02/11/2022 00:00,-85.19405885,11.7615957556888,-96.9556546056888
02/11/2022 01:00,128.8444594,-12.979785564618,141.824244964618
02/11/2022 02:00,-16.72301804,0.0458614737594413,-16.7688795137594
02/11/2022 03:00,61.32588144,4.64039102409616,56.6854904159038
02/11/2022 04:00,28.06644262,-32.637717322364,60.704159942364
02/11/2022 05:00,21.90039394,49.215746383328,-27.315352443328
02/11/2022 06:00,44.08585178,-91.4435150203257,135.529366800326
02/11/2022 07:00,34.44631313,340.956173593324,-306.509860463324
02/11/2022 08:00,5.56583372,1020.78349820306,-1015.21766448306
02/11/2022 09:00,163.7045689,1580.3768561315,-1416.6722872315
02/11/2022 10:00,611.1082404,1858.20232208356,-1247.09408168356
02/11/2022 11:00,663.2181207,1116.27590866312,-453.057787963116
02/11/2022 12:00,312.6850861,1643.24473800106,-1330.55965190106
02/11/2022 13:00,75.69437014,2126.99084965621,-2051.29647951621
02/11/2022 14:00,195.5651455,1338.8224532667,-1143.2573077667
02/11/2022 15:00,340.4112052,1110.40301584565,-769.991810645652
02/11/2022 16:00,210.8703147,462.724394370079,-251.854079670079
02/11/2022 17:00,261.044983,-24.2388632889538,285.283846288954
02/11/2022 18:00,325.3123281,31.8334021652486,293.478925934751
02/11/2022 19:00,54.98275668,-37.4919099113411,92.4746665913411
02/11/2022 20:00,291.6515449,18.161152318624,273.490392581376
02/11/2022 21:00,357.4232933,-15.884574393466,373.307867693466
02/11/2022 22:00,595.4545625,-0.663848143832188,596.118410643832
02/11/2022 23:00,1139.875394,7.59998305401323,1132.27541094599
02/12/2022 00:00,316.7393339,-13.5748068927323,330.314140792732
02/12/2022 01:00,-76.54020662,14.5107636316326,-91.0509702516326
02/12/2022 02:00,131.8288632,-15.1896214019915,147.018484601992
02/12/2022 03:00,-25.69541068,-0.447160487942897,-25.2482501920571
02/12/2022 04:00,76.89854184,-1.94117018685738,78.8397120268574
02/12/2022 05:00,13.74703463,-15.6868067353393,29.4338413653393
02/12/2022 06:00,33.02981506,16.0608291642312,16.9689858957688
02/12/2022 07:00,50.59607446,183.622083289412,-133.026008829412
02/12/2022 08:00,-5.480253101,673.828385043625,-679.308638144625
02/12/2022 09:00,207.0362744,1512.96148767579,-1305.92521327579
02/12/2022 10:00,276.5824806,2118.13797579615,-1841.55549519615
02/12/2022 11:00,353.445348,1744.77912372354,-1391.33377572354
02/12/2022 12:00,587.327437,1444.08862041822,-856.761183418216
02/12/2022 13:00,548.4003552,1826.55328872598,-1278.15293352598
02/12/2022 14:00,335.5647133,1646.22514817736,-1310.66043487736
02/12/2022 15:00,451.400314,1090.43805554014,-639.037741540142
02/12/2022 16:00,416.2700541,511.127953796024,-94.8578996960236
02/12/2022 17:00,307.4832235,0.590845390772706,306.892378109227
02/12/2022 18:00,607.7373255,-10.177091494066,617.914416994066
02/12/2022 19:00,514.359931,7.16215207156495,507.197778928435
02/12/2022 20:00,437.7212153,-19.0597076921476,456.780922992148
02/12/2022 21:00,370.0678906,9.70650432977271,360.361386270227
02/12/2022 22:00,401.7780565,-13.3442559658174,415.122312465817
02/12/2022 23:00,784.2303349,6.31376191189436,777.916572988106
02/13/2022 00:00,286.3282671,-1.08868302818799,287.416950128188
02/13/2022 01:00,-54.16841614,-3.88290698760552,-50.2855091523945
02/13/2022 02:00,102.8186363,7.98395159651123,94.8346847034888
02/13/2022 03:00,8.930634896,-11.9891417944132,20.9197766904132
02/13/2022 04:00,38.88029895,8.34653978698105,30.5337591630189
02/13/2022 05:00,48.21064683,-5.52039153530489,53.7310383653049
02/13/2022 06:00,10.53403409,-7.81193307463107,18.3459671646311
02/13/2022 07:00,55.49569306,31.2048662647689,24.2908267952311
02/13/2022 08:00,27.50007879,34.0772359682599,-6.57715717825995
02/13/2022 09:00,9.43295099,275.773575825206,-266.340624835206
02/13/2022 10:00,326.6985548,527.045206210225,-200.346651410225
02/13/2022 11:00,267.8604075,469.099423733502,-201.239016233502
02/13/2022 12:00,6.814297715,381.304554165755,-374.490256450755
02/13/2022 13:00,28.93404279,419.78928799828,-390.85524520828
02/13/2022 14:00,55.38778991,383.542361891208,-328.154571981208
02/13/2022 15:00,410.8826104,163.151439148022,247.731171251978
02/13/2022 16:00,473.8480742,32.45779121981,441.39028298019
02/13/2022 17:00,399.3333614,1.81042462612031,397.52293677388
02/13/2022 18:00,527.4029388,-9.16902363281486,536.571962432815
02/13/2022 19:00,541.8551279,5.80528966653125,536.049838233469
02/13/2022 20:00,526.1620609,-4.60134075713435,530.763401657134
02/13/2022 21:00,278.573324,-1.20215923273894,279.775483232739
02/13/2022 22:00,750.9304087,3.26681513781835,747.663593562182
02/13/2022 23:00,1005.698354,-4.94808167080148,1010.6464356708
02/14/2022 00:00,116.8116949,5.04364572547303,111.768049174527
02/14/2022 01:00,-31.94971813,-4.51793449192179,-27.4317836380782
02/14/2022 02:00,100.2806111,-0.872355801718859,101.152966901719
02/14/2022 03:00,-5.997783642,-1.15344816850789,-4.84433547349211
02/14/2022 04:00,56.07217992,-13.1047863829566,69.1769663029566
02/14/2022 05:00,38.87496851,4.72566893307475,34.1492995769252
02/14/2022 06:00,-6.984362805,-20.1175025907566,13.1331397857566
02/14/2022 07:00,130.9659157,206.334098012178,-75.3681823121777
02/14/2022 08:00,271.7632373,552.613748790756,-280.850511490756
02/14/2022 09:00,48.41942198,960.528607086894,-912.109185106894
02/14/2022 10:00,4.630321406,1828.91933411711,-1824.28901271111
02/14/2022 11:00,65.06467596,2315.85076828596,-2250.78609232596
02/14/2022 12:00,6.418328605,2244.10556277406,-2237.68723416906
02/14/2022 13:00,46.80453682,2083.46360772737,-2036.65907090737
02/14/2022 14:00,24.53908273,1642.8584102272,-1618.3193274972
02/14/2022 15:00,32.24588015,1122.60923268147,-1090.36335253147
02/14/2022 16:00,81.61707082,478.501840904101,-396.884770084101
02/14/2022 17:00,30.26016366,3.36241761616045,26.8977460438396
02/14/2022 18:00,15.2454763,-7.8817449763596,23.1272212763596
02/14/2022 19:00,493.7695256,-2.61551672503015,496.38504232503
02/14/2022 20:00,847.7690458,-10.7665792598715,858.535625059871
02/14/2022 21:00,352.1309673,2.59885726579947,349.532110034201
02/14/2022 22:00,568.5734501,-8.1930387962021,576.766488896202
02/14/2022 23:00,1092.870413,4.30330678971444,1088.56710621029
02/15/2022 00:00,315.4184455,-1.99881719401382,317.417262694014
02/15/2022 01:00,-64.99107664,-3.19618501770634,-61.7948916222937
02/15/2022 02:00,102.2419045,1.89351338663874,100.348391113361
02/15/2022 03:00,4.467597915,-11.3190936854857,15.7866916004857
02/15/2022 04:00,50.23777851,3.33899766660856,46.8987808433914
02/15/2022 05:00,32.15464589,-11.196146453581,43.350792343581
02/15/2022 06:00,29.00580601,2.63640167632339,26.3694043336766
02/15/2022 07:00,46.77678102,387.96737859256,-341.19059757256
02/15/2022 08:00,421.0780461,923.648789702713,-502.570743602713
02/15/2022 09:00,686.671823,1231.13884477115,-544.467021771149
02/15/2022 10:00,421.2109557,1550.30751690625,-1129.09656120625
02/15/2022 11:00,544.4485359,1729.33506212121,-1184.88652622121
02/15/2022 12:00,612.7061242,1482.67162217074,-869.965497970739
02/15/2022 13:00,362.7622713,1118.38094728367,-755.618675983672
02/15/2022 14:00,412.8970685,736.02251027256,-323.12544177256
02/15/2022 15:00,411.3457353,438.667694632035,-27.3219593320352
02/15/2022 16:00,350.4272312,163.592925528954,186.834305671046
02/15/2022 17:00,446.4391898,-37.3544860316794,483.793675831679
02/15/2022 18:00,168.2808521,7.4035533511468,160.877298748853
02/15/2022 19:00,167.0464486,-5.55213314007117,172.598581740071
02/15/2022 20:00,426.301404,-6.25870904459813,432.560113044598
02/15/2022 21:00,115.5817669,5.44787347802151,110.133893421978
02/15/2022 22:00,634.3721221,-9.61030702766288,643.982429127663
02/15/2022 23:00,855.4797319,9.83970244785147,845.640029452149
02/16/2022 00:00,13.2509219,-8.82793500090169,22.0788569009017
02/16/2022 01:00,27.06550839,4.17302554574297,22.892482844257
02/16/2022 02:00,77.35964009,-9.09628323467596,86.455923324676
02/16/2022 03:00,-0.65284438,-0.0302097919039966,-0.622634588096003
02/16/2022 04:00,77.50058613,-2.53496662755647,80.0355527575565
02/16/2022 05:00,4.504922272,-9.30769023939384,13.8126125113938
02/16/2022 06:00,56.55077762,7.48809868003682,49.0626789399632
02/16/2022 07:00,18.3134207,365.040257605067,-346.726836905067
02/16/2022 08:00,262.3915807,1363.58767629263,-1101.19609559263
02/16/2022 09:00,497.4878063,1430.29200733285,-932.804201032848
02/16/2022 10:00,325.2611343,839.403444078803,-514.142309778803
02/16/2022 11:00,346.7566884,1269.14583425504,-922.389145855039
02/16/2022 12:00,400.4355681,1329.04170154879,-928.606133448786
02/16/2022 13:00,312.3690365,758.166639396982,-445.797602896982
02/16/2022 14:00,315.9203659,586.938722410899,-271.018356510899
02/16/2022 15:00,455.7851789,414.459390359603,41.3257885403974
02/16/2022 16:00,436.9751706,123.783172864693,313.191997735307
02/16/2022 17:00,387.2385595,-19.8181446972464,407.056704197246
02/16/2022 18:00,667.0649247,-1.14543893249484,668.210363632495
02/16/2022 19:00,533.1200313,1.81374675040726,531.306284549593
02/16/2022 20:00,273.5584368,-10.9186590683115,284.477095868311
02/16/2022 21:00,329.1974323,8.73387030030934,320.463561999691
02/16/2022 22:00,278.7516184,-8.40255674998096,287.154175149981
02/16/2022 23:00,219.3891336,3.2760742726692,216.113059327331
02/17/2022 00:00,53.53970479,2.40463266082922,51.1350721291708
02/17/2022 01:00,26.17145596,-8.76418738403306,34.9356433440331
02/17/2022 02:00,53.18003775,7.36747456337988,45.8125631866201
02/17/2022 03:00,26.20684455,-15.7087657272625,41.9156102772625
02/17/2022 04:00,49.58132821,8.02943981266039,41.5518883973396
02/17/2022 05:00,18.44862158,-11.7404243991799,30.1890459791799
02/17/2022 06:00,59.44821778,-10.7514785404792,70.1996963204792
02/17/2022 07:00,-10.20805725,250.167188284398,-260.375245534398
02/17/2022 08:00,285.2347387,835.261406210305,-550.026667510305
02/17/2022 09:00,540.6517085,1369.06954773831,-828.417839238315
02/17/2022 10:00,247.3173401,1232.45783416913,-985.140494069126
02/17/2022 11:00,449.6567983,1309.20382132595,-859.547023025946
02/17/2022 12:00,560.2950754,1561.0490262977,-1000.7539508977
02/17/2022 13:00,360.1560564,955.303797177415,-595.147740777415
02/17/2022 14:00,420.4948135,532.026950197302,-111.532136697302
02/17/2022 15:00,377.2838499,455.587293209769,-78.3034433097686
02/17/2022 16:00,400.803676,184.883362165782,215.920313834218
02/17/2022 17:00,325.1558135,29.8393947300452,295.316418769955
02/17/2022 18:00,465.2186482,-25.0591495223462,490.277797722346
02/17/2022 19:00,582.9615003,9.87755896433148,573.083941335669
02/17/2022 20:00,463.8593499,-7.24358224477079,471.102932144771
02/17/2022 21:00,984.4803958,-5.90028578331582,990.380681583316
02/17/2022 22:00,617.0743083,14.281952686671,602.792355613329
02/17/2022 23:00,-78.88111992,-23.617968618562,-55.263151301438
02/18/2022 00:00,109.1706606,27.5302668911608,81.6403937088392
02/18/2022 01:00,27.06022989,-26.5890687362656,53.6492986262656
02/18/2022 02:00,23.12258652,17.8217350035611,5.30085151643886
02/18/2022 03:00,68.47864523,-9.34923314220207,77.8278783722021
02/18/2022 04:00,1.368020774,-23.025879634633,24.393900408633
02/18/2022 05:00,52.77989557,51.8516051430205,0.928290426979473
02/18/2022 06:00,33.42610457,-108.802264126337,142.228368696337
02/18/2022 07:00,1.059937238,240.633045957404,-239.573108719404
02/18/2022 08:00,264.6106218,293.628035581878,-29.0174137818784
02/18/2022 09:00,529.8545241,804.598132619457,-274.743608519457
02/18/2022 10:00,440.1448736,1868.19521661754,-1428.05034301754
02/18/2022 11:00,441.624336,1160.9573480358,-719.333012035803
02/18/2022 12:00,493.9639708,853.141462465735,-359.177491665735
02/18/2022 13:00,441.7027985,1618.15787468101,-1176.45507618101
02/18/2022 14:00,355.7254178,1699.12260133513,-1343.39718353513
02/18/2022 15:00,432.6244896,1184.10549122012,-751.481001620117
02/18/2022 16:00,416.6255127,456.116520228057,-39.4910075280565
02/18/2022 17:00,289.1311365,44.5385182399891,244.592618260011
02/18/2022 18:00,626.6525834,-22.0906504601215,648.743233860122
02/18/2022 19:00,528.0345785,1.74958150805148,526.284996991948
02/18/2022 20:00,345.7123695,-0.125271954937377,345.837641454937
02/18/2022 21:00,473.7806943,-13.3486396174941,487.129333917494
02/18/2022 22:00,290.3216031,6.43033241830092,283.891270681699
02/18/2022 23:00,748.1920072,-6.71311208547001,754.90511928547
02/19/2022 00:00,675.7167134,3.61037218135187,672.106341218648
02/19/2022 01:00,-41.86923688,-0.303787752658739,-41.5654491273413
02/19/2022 02:00,57.35509078,-2.89600326281984,60.2510940428198
02/19/2022 03:00,54.57411157,3.94290705659327,50.6312045134067
02/19/2022 04:00,8.757602875,-7.89028539590425,16.6478882709043
02/19/2022 05:00,69.09072525,8.94728229728947,60.1434429527105
02/19/2022 06:00,3.083605333,-13.4424911509052,16.5260964839052
02/19/2022 07:00,55.13566965,16.4576619262132,38.6780077237868
02/19/2022 08:00,29.84282996,90.2818624142108,-60.4390324542108
02/19/2022 09:00,12.16647363,213.50016607478,-201.33369244478
02/19/2022 10:00,207.4323763,347.160348401533,-139.727972101533
02/19/2022 11:00,466.6217832,256.91803329456,209.70374990544
02/19/2022 12:00,469.403762,292.219008864293,177.184753135707
02/19/2022 13:00,122.6123595,467.090577896678,-344.478218396678
02/19/2022 14:00,33.45486114,421.41995081357,-387.96508967357
02/19/2022 15:00,414.6866242,263.109921002488,151.576703197512
02/19/2022 16:00,481.1683626,92.122995669477,389.045366930523
02/19/2022 17:00,315.3550618,-4.01162887439768,319.366690674398
02/19/2022 18:00,308.6512792,0.179719680711383,308.471559519289
02/19/2022 19:00,529.4258592,-1.22025942426173,530.646118624262
02/19/2022 20:00,614.3067373,-2.19130423961781,616.498041539618
02/19/2022 21:00,188.4134532,1.31625659458555,187.097196605414
02/19/2022 22:00,597.3368805,-4.18936738593144,601.526247885931
02/19/2022 23:00,901.8956498,4.26145296899636,897.634196831004
02/20/2022 00:00,68.8135429,-3.39456593301724,72.2081088330172
02/20/2022 01:00,-12.25676705,1.00345075693896,-13.260217806939
02/20/2022 02:00,105.1434222,0.774902966847025,104.368519233153
02/20/2022 03:00,-24.08866668,-7.74077082185425,-16.3478958581457
02/20/2022 04:00,88.58444466,6.36864189361947,82.2158027663805
02/20/2022 05:00,-2.884750529,-17.7136245903455,14.8288740613455
02/20/2022 06:00,47.88280228,22.1189495556689,25.7638527243311
02/20/2022 07:00,45.1689963,53.7468244973514,-8.57782819735142
02/20/2022 08:00,-18.69286651,244.464536742142,-263.157403252142
02/20/2022 09:00,272.8169691,638.905727420355,-366.088758320355
02/20/2022 10:00,329.8762347,903.456730808029,-573.580496108029
02/20/2022 11:00,496.5987117,1338.87044005955,-842.271728359547
02/20/2022 12:00,713.0756243,1483.34281663229,-770.267192332294
02/20/2022 13:00,458.3992731,1220.84563887487,-762.446365774873
02/20/2022 14:00,451.3548807,1286.93096166993,-835.576080969929
02/20/2022 15:00,444.2145165,1049.63929255331,-605.424776053313
02/20/2022 16:00,360.0429261,353.875378493326,6.16754760667385
02/20/2022 17:00,456.5569291,15.8451180472807,440.711811052719
02/20/2022 18:00,277.1747188,-3.16899050921458,280.343709309215
02/20/2022 19:00,363.0014981,-7.27084554917142,370.272343649171
02/20/2022 20:00,446.7292507,-1.08495143924316,447.814202139243
02/20/2022 21:00,112.78329,-3.21374779316932,115.997037793169
02/20/2022 22:00,812.4659496,-5.22546277468515,817.691412374685
02/20/2022 23:00,980.5442099,6.36475065534556,974.179459244654
02/21/2022 00:00,26.31473513,-9.48256513407613,35.7973002640761
02/21/2022 01:00,28.52932701,7.98662986904743,20.5426971409526
02/21/2022 02:00,64.57832683,-7.51376636532138,72.0920931953214
02/21/2022 03:00,15.20248166,-6.84104712008834,22.0435287800883
02/21/2022 04:00,53.24760242,12.3787631248173,40.8688392951827
02/21/2022 05:00,21.01127464,-43.5103864300783,64.5216610700783
02/21/2022 06:00,46.35369689,81.6334511003778,-35.2797542103778
02/21/2022 07:00,7.585017985,363.277114300556,-355.692096315556
02/21/2022 08:00,471.3739637,706.250177324443,-234.876213624443
02/21/2022 09:00,382.1603858,949.701379926539,-567.540994126539
02/21/2022 10:00,-35.47896013,1482.18066390198,-1517.65962403198
02/21/2022 11:00,68.29169554,2018.51927267343,-1950.22757713343
02/21/2022 12:00,55.59446792,1819.28689134315,-1763.69242342315
02/21/2022 13:00,163.7996553,1842.16285677189,-1678.36320147189
02/21/2022 14:00,44.67999023,1763.35090774074,-1718.67091751074
02/21/2022 15:00,88.83628691,1142.61551200158,-1053.77922509158
02/21/2022 16:00,841.0020615,423.464600523435,417.537460976565
02/21/2022 17:00,802.3673735,-51.778202010466,854.145575510466
02/21/2022 18:00,283.943923,4.13710717859093,279.806815821409
02/21/2022 19:00,589.6048761,5.42283668726633,584.182039412734
02/21/2022 20:00,480.4152194,-25.0458359831497,505.46105538315
02/21/2022 21:00,412.6713407,17.1362210728519,395.535119627148
02/21/2022 22:00,1094.496276,-18.6776539955128,1113.17392999551
02/21/2022 23:00,506.4834219,7.99734202260649,498.486079877394
02/22/2022 00:00,-92.89073623,1.71422433393231,-94.6049605639323
02/22/2022 01:00,99.03853848,-12.9058937003862,111.944432180386
02/22/2022 02:00,13.30416101,11.3924481700278,1.91171283997224
02/22/2022 03:00,50.02373176,-22.376748230191,72.400479990191
02/22/2022 04:00,18.27530924,8.09668498437625,10.1786242556238
02/22/2022 05:00,60.59165417,-15.9250129091078,76.5166670791078
02/22/2022 06:00,-25.148107,18.6758533042459,-43.8239603042459
02/22/2022 07:00,178.6551519,584.427864302584,-405.772712402584
02/22/2022 08:00,399.6346741,1233.24302897265,-833.608354872649
02/22/2022 09:00,21.85491101,1791.49291909412,-1769.63800808412
02/22/2022 10:00,28.76851358,2121.98611284323,-2093.21759926323
02/22/2022 11:00,44.78233193,2219.18861569546,-2174.40628376546
02/22/2022 12:00,25.30746371,2501.41916252314,-2476.11169881314
02/22/2022 13:00,33.77501411,2174.63727318635,-2140.86225907635
02/22/2022 14:00,25.84876844,1453.61999403766,-1427.77122559766
02/22/2022 15:00,39.20132315,1094.94827797853,-1055.74695482853
02/22/2022 16:00,-0.490887311,609.778380773729,-610.269268084729
02/22/2022 17:00,92.75109081,68.695914165904,24.055176644096
02/22/2022 18:00,-79.10376052,-38.1524126395118,-40.9513478804882
02/22/2022 19:00,456.758081,12.1844633702517,444.573617629748
02/22/2022 20:00,775.0516514,-16.1942768101217,791.245928210122
02/22/2022 21:00,744.3072454,1.71583838418467,742.591407015815
02/22/2022 22:00,1246.772974,-2.94775895909778,1249.7207329591
02/22/2022 23:00,448.4847073,-2.90368406813556,451.388391368136
02/23/2022 00:00,-73.54475226,4.13672191993831,-77.6814741799383
02/23/2022 01:00,135.3235997,-6.53219830091212,141.855798000912
02/23/2022 02:00,-22.40094179,6.83173075807502,-29.232672548075
02/23/2022 03:00,66.06433631,-15.2335396283613,81.2978759383613
02/23/2022 04:00,24.92232238,9.72794179558027,15.1943805844197
02/23/2022 05:00,26.10603575,-14.7764703003819,40.8825060503819
02/23/2022 06:00,40.93845756,-0.0670425586958816,41.0055001186959
02/23/2022 07:00,29.12851478,194.446208055338,-165.317693275338
02/23/2022 08:00,24.30333351,419.95281741413,-395.64948390413
02/23/2022 09:00,67.71534835,946.880698152936,-879.165349802936
02/23/2022 10:00,333.7641331,1393.12351549375,-1059.35938239375
02/23/2022 11:00,537.4101318,1254.10870383166,-716.698572031665
02/23/2022 12:00,487.8993186,1217.17184082904,-729.27252222904
02/23/2022 13:00,130.9548301,1312.94167780012,-1181.98684770012
02/23/2022 14:00,20.18175447,892.568491015237,-872.386736545237
02/23/2022 15:00,38.71193685,568.819279112921,-530.107342262921
02/23/2022 16:00,21.91456475,397.414479498384,-375.499914748384
02/23/2022 17:00,54.50653035,14.3286088240327,40.1779215259673
02/23/2022 18:00,-11.03288089,-22.4805618981763,11.4476810081763
02/23/2022 19:00,115.9553697,18.7418540837434,97.2135156162566
02/23/2022 20:00,334.0454632,-23.7492268075474,357.794690007547
02/23/2022 21:00,1008.061345,13.535915886104,994.525429113896
02/23/2022 22:00,1014.273088,-10.3556762826734,1024.62876428267
02/23/2022 23:00,58.87671537,2.53243135709594,56.3442840129041
02/24/2022 00:00,-0.139477092,2.69150230622876,-2.83097939822876
02/24/2022 01:00,90.94618853,-10.2554830318551,101.201671561855
02/24/2022 02:00,-19.57339512,7.14092763280043,-26.7143227528004
02/24/2022 03:00,78.37574305,-18.5828033590702,96.9585464090702
02/24/2022 04:00,7.35416773,4.85166178613102,2.50250594386898
02/24/2022 05:00,25.60693206,-17.5173894817647,43.1243215417647
02/24/2022 06:00,70.96290227,30.8388595010658,40.1240427689342
02/24/2022 07:00,-47.42314767,538.77266507911,-586.19581274911
02/24/2022 08:00,234.7419613,1205.9613559884,-971.219394688395
02/24/2022 09:00,675.4852564,1840.63049406509,-1165.14523766509
02/24/2022 10:00,660.8626659,2353.38332838899,-1692.52066248899
02/24/2022 11:00,576.1548158,2497.56211675847,-1921.40730095847
02/24/2022 12:00,484.9757488,2517.76368929328,-2032.78794049328
02/24/2022 13:00,420.0564343,2342.24786829514,-1922.19143399514
02/24/2022 14:00,443.5420783,1882.46839950838,-1438.92632120838
02/24/2022 15:00,326.1308481,1371.16848982783,-1045.03764172783
02/24/2022 16:00,373.4435649,674.412139581457,-300.968574681457
02/24/2022 17:00,506.3164582,59.7964652975184,446.519992902482
02/24/2022 18:00,271.0268488,-33.0115957375269,304.038444537527
02/24/2022 19:00,361.9735636,10.9618083200256,351.011755279974
02/24/2022 20:00,432.9274775,-17.7334820394792,450.660959539479
02/24/2022 21:00,541.2724522,1.21694842642249,540.055503773577
02/24/2022 22:00,887.6968721,-2.87817865082786,890.575050750828
02/24/2022 23:00,227.0777093,-5.04962843222056,232.127337732221
02/25/2022 00:00,-71.59573821,7.67332193564324,-79.2690601456432
02/25/2022 01:00,122.0401813,-10.6790660155923,132.719247315592
02/25/2022 02:00,-27.45439703,3.12901415772715,-30.5834111877271
02/25/2022 03:00,73.14340072,-8.6447229391637,81.7881236591637
02/25/2022 04:00,16.40171431,-10.4857763171424,26.8874906271424
02/25/2022 05:00,19.65510915,7.26173309908772,12.3933760509123
02/25/2022 06:00,67.93874077,-20.880921213666,88.819661983666
02/25/2022 07:00,-35.95528406,405.955838329594,-441.911122389594
02/25/2022 08:00,252.2348755,1168.29697418557,-916.062098685572
02/25/2022 09:00,512.0991679,1781.20286188586,-1269.10369398586
02/25/2022 10:00,479.6851979,2177.62437952091,-1697.93918162091
02/25/2022 11:00,484.069814,2304.12680583045,-1820.05699183045
02/25/2022 12:00,513.1217661,2401.04296855487,-1887.92120245487
02/25/2022 13:00,394.1928943,2234.46093074025,-1840.26803644025
02/25/2022 14:00,282.8290099,1767.36882940079,-1484.53981950079
02/25/2022 15:00,447.1209204,1292.72287243984,-845.601952039835
02/25/2022 16:00,423.0471728,626.220350498092,-203.173177698092
02/25/2022 17:00,366.4681413,65.540522012651,300.927619287349
02/25/2022 18:00,635.7661139,-32.2126241277261,667.978738027726
02/25/2022 19:00,533.5396359,9.42039464316382,524.119241256836
02/25/2022 20:00,184.543049,-14.0160137380264,198.559062738026
02/25/2022 21:00,703.8562701,-4.02529155963939,707.881561659639
02/25/2022 22:00,980.1485468,5.03731741741667,975.111229382583
02/25/2022 23:00,195.9131025,-14.0368170825752,209.949919582575
02/26/2022 00:00,-12.40189369,15.5356176978934,-27.9375113878934
02/26/2022 01:00,89.22446388,-14.4295519472548,103.654015827255
02/26/2022 02:00,1.701465264,5.99278146888193,-4.29131620488193
02/26/2022 03:00,63.58371822,-1.57512803936749,65.1588462593675
02/26/2022 04:00,28.0795858,-21.5628319481432,49.6424177481432
02/26/2022 05:00,25.93314856,26.9977785389851,-1.06462997898509
02/26/2022 06:00,58.93820903,-41.6657138310588,100.603922861059
02/26/2022 07:00,-0.221957338,314.643209180247,-314.865166518247
02/26/2022 08:00,107.7657237,492.022610811683,-384.256887111683
02/26/2022 09:00,340.4170674,869.297533143124,-528.880465743124
02/26/2022 10:00,286.7972793,1859.50615547059,-1572.70887617059
02/26/2022 11:00,90.70311446,1853.51143426663,-1762.80831980663
02/26/2022 12:00,12.23395877,2090.24848060139,-2078.01452183139
02/26/2022 13:00,96.48073324,2413.47623111917,-2316.99549787917
02/26/2022 14:00,141.6483216,1735.69099940332,-1594.04267780332
02/26/2022 15:00,84.44847527,1248.26434787334,-1163.81587260334
02/26/2022 16:00,48.26181055,642.93877597346,-594.67696542346
02/26/2022 17:00,8.134811358,62.4812022489974,-54.3463908909974
02/26/2022 18:00,85.85126195,-9.03679080323044,94.8880527532304
02/26/2022 19:00,176.2990248,-11.3304386342052,187.629463434205
02/26/2022 20:00,315.1660564,-0.259865031993341,315.425921431993
02/26/2022 21:00,150.6869583,-7.52998939069788,158.216947690698
02/26/2022 22:00,411.9328002,-3.2119321220771,415.144732322077
02/26/2022 23:00,1022.455351,4.31832790678131,1018.13702309322
02/27/2022 00:00,305.5854617,-7.57065861833033,313.15612031833
02/27/2022 01:00,-90.67544124,5.37557524918279,-96.0510164891828
02/27/2022 02:00,130.4146391,-9.1477928551924,139.562431955192
02/27/2022 03:00,-14.43749625,-5.4417139206809,-8.9957823293191
02/27/2022 04:00,63.62185871,-0.487962911967108,64.1098216219671
02/27/2022 05:00,27.79873424,-23.3647454223419,51.1634796623419
02/27/2022 06:00,26.15862361,52.7259021711811,-26.5672785611811
02/27/2022 07:00,52.14197042,437.358441679718,-385.216471259718
02/27/2022 08:00,16.67230419,1173.14277558029,-1156.47047139029
02/27/2022 09:00,50.00735048,1847.65904132909,-1797.65169084909
02/27/2022 10:00,46.98848559,2246.26804390249,-2199.27955831249
02/27/2022 11:00,331.098603,2427.68541807412,-2096.58681507412
02/27/2022 12:00,468.4483754,2429.81610348802,-1961.36772808802
02/27/2022 13:00,305.7010614,2290.20222082116,-1984.50115942116
02/27/2022 14:00,320.7737334,1857.094321293,-1536.320587893
02/27/2022 15:00,160.0415976,1345.08072154339,-1185.03912394339
02/27/2022 16:00,79.54428202,731.936010435036,-652.391728415036
02/27/2022 17:00,450.9447927,79.3604856911197,371.58430700888
02/27/2022 18:00,572.0703446,-37.0437704873922,609.114115087392
02/27/2022 19:00,164.8832802,15.9186602571818,148.964619942818
02/27/2022 20:00,265.2616018,-24.1154142790324,289.377016079032
02/27/2022 21:00,878.5748309,9.05956984820803,869.515261051792
02/27/2022 22:00,436.3632443,-11.0314032571515,447.394647557152
02/27/2022 23:00,-40.54723441,2.33392801359254,-42.8811624235925
02/28/2022 00:00,117.038948,1.76490910968243,115.274038890318
02/28/2022 01:00,26.3250374,-10.5923118865557,36.9173492865557
02/28/2022 02:00,37.08541877,9.13054181423692,27.9548769557631
02/28/2022 03:00,54.98978787,-23.8554017213215,78.8451895913215
02/28/2022 04:00,19.80937831,14.2079897106573,5.60138859934265
02/28/2022 05:00,41.06387446,-31.6301790550403,72.6940535150403
02/28/2022 06:00,47.8109345,62.1220852741485,-14.3111507741485
02/28/2022 07:00,-0.919364252,681.091077936406,-682.010442188406
02/28/2022 08:00,194.4234986,1335.59675481513,-1141.17325621513
02/28/2022 09:00,376.3884709,1827.22307913967,-1450.83460823967
02/28/2022 10:00,269.7701238,2272.784904997,-2003.014781197
02/28/2022 11:00,406.929116,2441.80310515715,-2034.87398915715
02/28/2022 12:00,297.5231462,2130.6313933094,-1833.1082471094
02/28/2022 13:00,174.1695159,1837.79192602089,-1663.62241012089
02/28/2022 14:00,324.6131338,1742.30759603138,-1417.69446223138
02/28/2022 15:00,244.335166,1099.96123223934,-855.626066239335
02/28/2022 16:00,270.7512076,262.792556945093,7.95865065490699
02/28/2022 17:00,210.5575692,-11.2018832834959,221.759452483496
02/28/2022 18:00,6.346034014,-6.07493628281233,12.4209702968123
02/28/2022 19:00,217.6707888,-5.94250404196854,223.613292841969
02/28/2022 20:00,497.1722443,-3.90925332351039,501.08149762351
02/28/2022 21:00,257.445459,-5.37865505877907,262.824114058779
02/28/2022 22:00,203.2772863,-0.479730458445621,203.757016758446
02/28/2022 23:00,650.736483,-1.4279030976724,652.164386097672
03/01/2022 00:00,380.7887374,1.36060703232049,379.42813036768
03/01/2022 01:00,-39.10977408,0.0514808342131207,-39.1612549142131
03/01/2022 02:00,65.90793284,-2.13247026725852,68.0404031072585
03/01/2022 03:00,29.98631327,3.68235007853408,26.3039631914659
03/01/2022 04:00,33.20125148,-5.3716415943159,38.5728930743159
03/01/2022 05:00,34.46366854,4.58874774309388,29.8749207969061
03/01/2022 06:00,42.58259723,-3.88227321493193,46.4648704449319
03/01/2022 07:00,5.667254544,-3.77466511285485,9.44191965685485
03/01/2022 08:00,195.8941426,66.7026826316476,129.191459968352
03/01/2022 09:00,399.8462066,63.8793268513843,335.966879748616
03/01/2022 10:00,206.5392425,50.0138391022928,156.525403397707
03/01/2022 11:00,352.6331017,172.748605053718,179.884496646282
03/01/2022 12:00,278.5249521,229.779338983735,48.7456131162654
03/01/2022 13:00,237.2226415,121.25996997297,115.96267152703
03/01/2022 14:00,426.2126167,108.165062030677,318.047554669323
03/01/2022 15:00,171.1377632,114.376961965483,56.7608012345173
03/01/2022 16:00,280.8007225,17.983493663584,262.817228836416
03/01/2022 17:00,203.4152405,-4.02115579569184,207.436396295692
03/01/2022 18:00,320.1779238,-0.352518139438396,320.530441939438
03/01/2022 19:00,615.145712,1.15408429483983,613.99162770516
03/01/2022 20:00,35.75407752,-2.44141244390426,38.1954899639043
03/01/2022 21:00,505.0663085,0.331248585473815,504.735059914526
03/01/2022 22:00,880.3391437,2.65294197412019,877.68620172588
03/01/2022 23:00,54.20677199,-7.0978874584251,61.3046594484251
03/02/2022 00:00,14.06542017,11.4746400410535,2.59078012894653
03/02/2022 01:00,78.48758641,-16.8976822406467,95.3852686506468
03/02/2022 02:00,-3.987995116,10.992321545325,-14.980316661325
03/02/2022 03:00,78.89227222,-16.6337298343341,95.5260020543341
03/02/2022 04:00,7.57213021,-3.19097994714951,10.7631101571495
03/02/2022 05:00,43.82193488,3.40288080910583,40.4190540708942
03/02/2022 06:00,44.48592385,-20.4608429774997,64.9467668274997
03/02/2022 07:00,2.595138118,502.865824144451,-500.270686026451
03/02/2022 08:00,198.3563277,1068.01255942088,-869.656231720876
03/02/2022 09:00,357.7282646,1709.53298484564,-1351.80472024564
03/02/2022 10:00,297.8608218,2178.93150863314,-1881.07068683314
03/02/2022 11:00,330.0603593,2143.78745348566,-1813.72709418566
03/02/2022 12:00,323.673904,2488.40805172765,-2164.73414772765
03/02/2022 13:00,260.3317433,2350.81375037133,-2090.48200707133
03/02/2022 14:00,285.1300057,1826.23834554052,-1541.10833984052
03/02/2022 15:00,251.5900194,1331.61594819142,-1080.02592879142
03/02/2022 16:00,190.9924647,430.217101394031,-239.224636694031
03/02/2022 17:00,196.3409086,5.23884826390304,191.102060336097
03/02/2022 18:00,292.598801,4.68922234946965,287.90957865053
03/02/2022 19:00,504.7015611,-17.6853881081325,522.386949208132
03/02/2022 20:00,217.3602623,2.30455923929568,215.055703060704
03/02/2022 21:00,213.9865641,-9.46037117904504,223.446935279045
03/02/2022 22:00,1002.457342,-0.453784506540231,1002.91112650654
03/02/2022 23:00,514.2117325,0.663465699889608,513.54826680011
03/03/2022 00:00,-86.64562443,-2.1849682544025,-84.4606561755975
03/03/2022 01:00,132.1067014,-2.84341552018476,134.950116920185
03/03/2022 02:00,2.718178297,-0.367315719054232,3.08549401605423
03/03/2022 03:00,49.22414195,-15.8262705185176,65.0504124685175
03/03/2022 04:00,51.95523994,10.2265649714159,41.7286749685841
03/03/2022 05:00,5.387658372,-33.6239356723262,39.0115940443262
03/03/2022 06:00,76.7725191,84.6074230915881,-7.83490399158815
03/03/2022 07:00,-9.870111334,717.246334102599,-727.116445436599
03/03/2022 08:00,115.82677,1353.08319550092,-1237.25642550092
03/03/2022 09:00,334.2672293,1864.34465103104,-1530.07742173104
03/03/2022 10:00,344.2456272,2271.11004743579,-1926.86442023579
03/03/2022 11:00,275.0451984,2403.97407858851,-2128.92888018851
03/03/2022 12:00,244.330784,2423.80789960678,-2179.47711560678
03/03/2022 13:00,273.3955704,2233.43120379788,-1960.03563339788
03/03/2022 14:00,254.158011,1774.81983477309,-1520.66182377309
03/03/2022 15:00,242.1216561,1251.61573779429,-1009.49408169429
03/03/2022 16:00,211.8134866,648.325256584551,-436.511769984551
03/03/2022 17:00,222.0675511,88.1688118545938,133.898739245406
03/03/2022 18:00,209.0216732,-33.7240034105865,242.745676610587
03/03/2022 19:00,127.2513388,10.9368413519258,116.314497448074
03/03/2022 20:00,371.2426369,-19.1914728443336,390.434109744334
03/03/2022 21:00,248.9899873,6.52927050404069,242.460716795959
03/03/2022 22:00,300.3480485,-10.5299141946839,310.877962694684
03/03/2022 23:00,815.9393238,4.18673819692786,811.752585603072
03/04/2022 00:00,283.4140381,-1.4590191425897,284.87305724259
03/04/2022 01:00,-70.16688367,-5.3459416193173,-64.8209420506827
03/04/2022 02:00,109.1166438,8.3371147155762,100.779529084424
03/04/2022 03:00,6.780517224,-22.646139732659,29.426656956659
03/04/2022 04:00,47.15007494,26.2863646600289,20.8637102799711
03/04/2022 05:00,45.13987546,-43.577739164099,88.717614624099
03/04/2022 06:00,22.23343043,103.204989216396,-80.9715587863958
03/04/2022 07:00,40.81571779,400.396149092568,-359.580431302568
03/04/2022 08:00,175.2687809,635.86796791564,-460.59918701564
03/04/2022 09:00,374.4717199,1127.05149778441,-752.579777884411
03/04/2022 10:00,338.216995,1094.24483442946,-756.027839429461
03/04/2022 11:00,228.6323637,768.863199063678,-540.230835363678
03/04/2022 12:00,323.7112295,686.565592357841,-362.854362857841
03/04/2022 13:00,278.8188694,558.129724008569,-279.310854608569
03/04/2022 14:00,246.3899642,636.917725888189,-390.527761688189
03/04/2022 15:00,305.7003269,681.069085404773,-375.368758504773
03/04/2022 16:00,165.6596053,398.149995956835,-232.490390656835
03/04/2022 17:00,425.2450266,59.7952850030118,365.449741596988
03/04/2022 18:00,413.8837636,-24.2273797628574,438.111143362857
03/04/2022 19:00,256.307736,13.8726006799923,242.435135320008
03/04/2022 20:00,241.2076369,-11.3166729909997,252.524309891
03/04/2022 21:00,123.3276153,2.26760753169822,121.060007768302
03/04/2022 22:00,858.6223803,-1.15925980447647,859.781640104477
03/04/2022 23:00,702.5280352,-3.87876403844838,706.406799238448
03/05/2022 00:00,-67.76628384,4.93478936738989,-72.7010732073899
03/05/2022 01:00,94.17486614,-7.7056439675808,101.880510107581
03/05/2022 02:00,35.36325782,1.44276922956434,33.9204885904357
03/05/2022 03:00,27.80944031,-10.436986062271,38.246426372271
03/05/2022 04:00,71.88238441,-2.74994274379004,74.63232715379
03/05/2022 05:00,3.950008222,-9.94299825736754,13.8930064793675
03/05/2022 06:00,60.45046288,13.0114893740722,47.4389735059278
03/05/2022 07:00,28.23083128,427.685313531123,-399.454482251123
03/05/2022 08:00,31.02770851,1155.6281126174,-1124.6004041074
03/05/2022 09:00,89.9585769,1768.05325766007,-1678.09468076007
03/05/2022 10:00,114.9536542,2183.31554560919,-2068.36189140919
03/05/2022 11:00,80.19807762,2403.75047082202,-2323.55239320202
03/05/2022 12:00,32.21974101,2370.22762000091,-2338.00787899091
03/05/2022 13:00,29.51044373,2159.39907596166,-2129.88863223166
03/05/2022 14:00,56.04429714,1768.36744882383,-1712.32315168383
03/05/2022 15:00,7.057595206,1215.12837244434,-1208.07077723834
03/05/2022 16:00,67.71421514,609.635599838096,-541.921384698096
03/05/2022 17:00,167.2395383,97.9537256739936,69.2858126260063
03/05/2022 18:00,224.8658292,-33.3117310130748,258.177560213075
03/05/2022 19:00,174.4845151,9.30128893384527,165.183226166155
03/05/2022 20:00,171.6953283,-16.5294672482752,188.224795548275
03/05/2022 21:00,404.8727745,3.48511537265786,401.387659127342
03/05/2022 22:00,105.89423,-6.93866782260076,112.832897822601
03/05/2022 23:00,356.682539,1.10293422626859,355.579604773731
03/06/2022 00:00,741.3053396,0.848773511993211,740.456566088007
03/06/2022 01:00,74.87144881,-9.35659188402075,84.2280406940207
03/06/2022 02:00,9.53711905,7.52227915473505,2.01483989526495
03/06/2022 03:00,93.51393407,-25.073368066237,118.587302136237
03/06/2022 04:00,-14.6973221,19.405498916144,-34.102821016144
03/06/2022 05:00,83.60953071,-46.2165890548714,129.826119764871
03/06/2022 06:00,1.166498152,117.78376207334,-116.61726392134
03/06/2022 07:00,59.84699959,819.105874226977,-759.258874636977
03/06/2022 08:00,21.86965314,1430.35280315034,-1408.48315001034
03/06/2022 09:00,72.74754016,1956.97558557302,-1884.22804541302
03/06/2022 10:00,358.2599546,2407.34755665209,-2049.08760205209
03/06/2022 11:00,222.4114642,2579.45804793503,-2357.04658373503
03/06/2022 12:00,20.77302459,2571.25900380358,-2550.48597921358
03/06/2022 13:00,50.37990349,2371.75309089668,-2321.37318740668
03/06/2022 14:00,62.44716062,1948.98058064176,-1886.53342002176
03/06/2022 15:00,71.49429765,1405.7330159424,-1334.2387182924
03/06/2022 16:00,17.5167265,765.403116522235,-747.886390022235
03/06/2022 17:00,184.3445621,123.008104242099,61.3364578579013
03/06/2022 18:00,520.8800076,-45.0992347122808,565.979242312281
03/06/2022 19:00,511.6452326,16.6432805223981,495.001952077602
03/06/2022 20:00,230.4355153,-21.9939866463114,252.429501946311
03/06/2022 21:00,231.353755,5.13877729039071,226.214977709609
03/06/2022 22:00,666.4122676,-7.65657998539474,674.068847585395
03/06/2022 23:00,466.4001691,-0.34643773389768,466.746606833898
03/07/2022 00:00,-7.455795642,3.00971385091366,-10.4655094929137
03/07/2022 01:00,73.29774278,-9.03009383876038,82.3278366187604
03/07/2022 02:00,43.99805632,11.158424787583,32.839631532417
03/07/2022 03:00,24.39129477,-19.7081878835201,44.0994826535201
03/07/2022 04:00,59.962568,20.2781475823404,39.6844204176596
03/07/2022 05:00,21.89989259,-24.7211742997612,46.6210668897612
03/07/2022 06:00,46.98664583,30.0620109250007,16.9246349049993
03/07/2022 07:00,41.77029313,383.436250298591,-341.665957168591
03/07/2022 08:00,24.27196703,585.443615835928,-561.171648805928
